CREATE DATABASE  IF NOT EXISTS `epl_db` /*!40100 DEFAULT CHARACTER SET utf8 */ /*!80016 DEFAULT ENCRYPTION='N' */;
USE `epl_db`;
-- MySQL dump 10.13  Distrib 8.0.20, for Win64 (x86_64)
--
-- Host: 127.0.0.1    Database: epl_db
-- ------------------------------------------------------
-- Server version	8.0.20

/*!40101 SET @OLD_CHARACTER_SET_CLIENT=@@CHARACTER_SET_CLIENT */;
/*!40101 SET @OLD_CHARACTER_SET_RESULTS=@@CHARACTER_SET_RESULTS */;
/*!40101 SET @OLD_COLLATION_CONNECTION=@@COLLATION_CONNECTION */;
/*!50503 SET NAMES utf8 */;
/*!40103 SET @OLD_TIME_ZONE=@@TIME_ZONE */;
/*!40103 SET TIME_ZONE='+00:00' */;
/*!40014 SET @OLD_UNIQUE_CHECKS=@@UNIQUE_CHECKS, UNIQUE_CHECKS=0 */;
/*!40014 SET @OLD_FOREIGN_KEY_CHECKS=@@FOREIGN_KEY_CHECKS, FOREIGN_KEY_CHECKS=0 */;
/*!40101 SET @OLD_SQL_MODE=@@SQL_MODE, SQL_MODE='NO_AUTO_VALUE_ON_ZERO' */;
/*!40111 SET @OLD_SQL_NOTES=@@SQL_NOTES, SQL_NOTES=0 */;

--
-- Table structure for table `managers`
--

DROP TABLE IF EXISTS `managers`;
/*!40101 SET @saved_cs_client     = @@character_set_client */;
/*!50503 SET character_set_client = utf8mb4 */;
CREATE TABLE `managers` (
  `Manager` varchar(255) NOT NULL,
  `Nationality` varchar(255) NOT NULL,
  `Status` varchar(255) NOT NULL,
  `Team` varchar(225) NOT NULL,
  PRIMARY KEY (`Manager`)
) ENGINE=InnoDB DEFAULT CHARSET=utf8;
/*!40101 SET character_set_client = @saved_cs_client */;

--
-- Dumping data for table `managers`
--

LOCK TABLES `managers` WRITE;
/*!40000 ALTER TABLE `managers` DISABLE KEYS */;
INSERT INTO `managers` VALUES ('Alan Pardew','England','Sacked','West Bromwich Albion FC'),('Antonio Conte','Italy','Active','Chelsea FC'),('Arsene Wenger','France','Active','Arsenal FC'),('Carlos Carvalhal','Portugal','Active','Swansea City AFC'),('Chris Hughton','Ireland','Active','Brighton & Hove Albion FC'),('Claude Puel','France','Active','Leicester City FC'),('Craig Shakespeare','England','Sacked','Leicester City FC'),('Darren Moore','Jamaica','Active','West Bromwich Albion FC'),('David Moyes','Scotland','Active','West Ham United FC'),('David Wagner','USA','Active','Huddersfield Town AFC'),('Eddie Howe','England','Active','AFC Bournemouth'),('Frank de Boer','Netherland','Sacked','Crystal Palace FC'),('Javi Gracia','Spain','Active','Watford FC'),('Jose Mourinho','Portugal','Active','Manchester United FC'),('Jurgen Klopp','Germany','Active','Liverpool FC'),('Marco Silva','Portugal','Sacked','Watford FC'),('Mark Hughes','Wales','Active','Southampton FC'),('Mauricio Pellegrino','Argentina','Sacked','Southampton FC'),('Mauricio Pochettino','Argentina','Active','Tottenham Hotspur FC'),('Paul Clement','England','Sacked','Swansea City AFC'),('Paul Lambert','Scotland','Active','Stoke City FC'),('Pep Guardiola','Spain','Active','Manchester City FC'),('Rafael Benitez','Spain','Active','Newcastle United FC'),('Ronald Koeman','Netherland','Sacked','Everton FC'),('Roy Hodgson','England','Active','Crystal Palace FC'),('Sam Allardyce','England','Active','Everton FC'),('Sean Dyche','England','Active','Burnley FC'),('Slaven Bilic','Croatia','Sacked','West Ham United FC'),('Tony Pulis','Wales','Sacked','West Bromwich Albion FC');
/*!40000 ALTER TABLE `managers` ENABLE KEYS */;
UNLOCK TABLES;

--
-- Table structure for table `matches`
--

DROP TABLE IF EXISTS `matches`;
/*!40101 SET @saved_cs_client     = @@character_set_client */;
/*!50503 SET character_set_client = utf8mb4 */;
CREATE TABLE `matches` (
  `Match_Num` int NOT NULL,
  `Match_Day` int DEFAULT NULL,
  `Date` date NOT NULL,
  `Half time score Team_1` int DEFAULT NULL,
  `Half time score Team_2` int DEFAULT NULL,
  `Full time score Team_1` int NOT NULL,
  `Full time score Team_2` int NOT NULL,
  `Team_1` varchar(225) NOT NULL,
  `Team_2` varchar(225) NOT NULL,
  PRIMARY KEY (`Match_Num`)
) ENGINE=InnoDB DEFAULT CHARSET=utf8;
/*!40101 SET character_set_client = @saved_cs_client */;

--
-- Dumping data for table `matches`
--

LOCK TABLES `matches` WRITE;
/*!40000 ALTER TABLE `matches` DISABLE KEYS */;
INSERT INTO `matches` VALUES (1,1,'2017-08-11',2,2,4,3,'Arsenal FC','Leicester City FC'),(2,1,'2017-08-12',0,0,0,2,'Brighton & Hove Albion FC','Manchester City FC'),(3,1,'2017-08-12',0,3,2,3,'Chelsea FC','Burnley FC'),(4,1,'2017-08-12',0,2,0,3,'Crystal Palace FC','Huddersfield Town AFC'),(5,1,'2017-08-12',1,0,1,0,'Everton FC','Stoke City FC'),(6,1,'2017-08-12',0,0,0,0,'Southampton FC','Swansea City AFC'),(7,1,'2017-08-12',2,1,3,3,'Watford FC','Liverpool FC'),(8,1,'2017-08-12',1,0,1,0,'West Bromwich Albion FC','AFC Bournemouth'),(9,1,'2017-08-13',1,0,4,0,'Manchester United FC','West Ham United FC'),(10,1,'2017-08-13',0,0,0,2,'Newcastle United FC','Tottenham Hotspur FC'),(11,2,'2017-08-19',0,0,0,2,'AFC Bournemouth','Watford FC'),(12,2,'2017-08-19',0,0,0,1,'Burnley FC','West Bromwich Albion FC'),(13,2,'2017-08-19',1,0,2,0,'Leicester City FC','Brighton & Hove Albion FC'),(14,2,'2017-08-19',0,0,1,0,'Liverpool FC','Crystal Palace FC'),(15,2,'2017-08-19',2,1,3,2,'Southampton FC','West Ham United FC'),(16,2,'2017-08-19',0,0,1,0,'Stoke City FC','Arsenal FC'),(17,2,'2017-08-19',0,1,0,4,'Swansea City AFC','Manchester United FC'),(18,2,'2017-08-20',0,0,1,0,'Huddersfield Town AFC','Newcastle United FC'),(19,2,'2017-08-20',0,1,1,2,'Tottenham Hotspur FC','Chelsea FC'),(20,2,'2017-08-21',0,1,1,1,'Manchester City FC','Everton FC'),(21,3,'2017-08-26',1,1,1,2,'AFC Bournemouth','Manchester City FC'),(22,3,'2017-08-26',0,1,0,2,'Crystal Palace FC','Swansea City AFC'),(23,3,'2017-08-26',0,0,0,0,'Huddersfield Town AFC','Southampton FC'),(24,3,'2017-08-26',0,0,2,0,'Manchester United FC','Leicester City FC'),(25,3,'2017-08-26',1,0,3,0,'Newcastle United FC','West Ham United FC'),(26,3,'2017-08-26',0,0,0,0,'Watford FC','Brighton & Hove Albion FC'),(27,3,'2017-08-27',2,0,2,0,'Chelsea FC','Everton FC'),(28,3,'2017-08-27',2,0,4,0,'Liverpool FC','Arsenal FC'),(29,3,'2017-08-27',0,0,1,1,'Tottenham Hotspur FC','Burnley FC'),(30,3,'2017-08-27',0,0,1,1,'West Bromwich Albion FC','Stoke City FC'),(31,4,'2017-09-09',2,0,3,0,'Arsenal FC','AFC Bournemouth'),(32,4,'2017-09-09',1,0,3,1,'Brighton & Hove Albion FC','West Bromwich Albion FC'),(33,4,'2017-09-09',0,2,0,3,'Everton FC','Tottenham Hotspur FC'),(34,4,'2017-09-09',0,1,1,2,'Leicester City FC','Chelsea FC'),(35,4,'2017-09-09',2,0,5,0,'Manchester City FC','Liverpool FC'),(36,4,'2017-09-09',0,1,0,2,'Southampton FC','Watford FC'),(37,4,'2017-09-09',1,1,2,2,'Stoke City FC','Manchester United FC'),(38,4,'2017-09-10',1,0,1,0,'Burnley FC','Crystal Palace FC'),(39,4,'2017-09-10',0,0,0,1,'Swansea City AFC','Newcastle United FC'),(40,4,'2017-09-11',0,0,2,0,'West Ham United FC','Huddersfield Town AFC'),(41,5,'2017-09-15',0,0,2,1,'AFC Bournemouth','Brighton & Hove Albion FC'),(42,5,'2017-09-16',0,1,0,1,'Crystal Palace FC','Southampton FC'),(43,5,'2017-09-16',0,0,1,1,'Huddersfield Town AFC','Leicester City FC'),(44,5,'2017-09-16',1,1,1,1,'Liverpool FC','Burnley FC'),(45,5,'2017-09-16',1,0,2,1,'Newcastle United FC','Stoke City FC'),(46,5,'2017-09-16',0,0,0,0,'Tottenham Hotspur FC','Swansea City AFC'),(47,5,'2017-09-16',0,3,0,6,'Watford FC','Manchester City FC'),(48,5,'2017-09-16',0,0,0,0,'West Bromwich Albion FC','West Ham United FC'),(49,5,'2017-09-17',0,0,0,0,'Chelsea FC','Arsenal FC'),(50,5,'2017-09-17',1,0,4,0,'Manchester United FC','Everton FC'),(51,6,'2017-09-23',0,0,0,0,'Burnley FC','Huddersfield Town AFC'),(52,6,'2017-09-23',0,0,2,1,'Everton FC','AFC Bournemouth'),(53,6,'2017-09-23',1,2,2,3,'Leicester City FC','Liverpool FC'),(54,6,'2017-09-23',1,0,5,0,'Manchester City FC','Crystal Palace FC'),(55,6,'2017-09-23',0,1,0,1,'Southampton FC','Manchester United FC'),(56,6,'2017-09-23',0,2,0,4,'Stoke City FC','Chelsea FC'),(57,6,'2017-09-23',0,1,1,2,'Swansea City AFC','Watford FC'),(58,6,'2017-09-23',0,2,2,3,'West Ham United FC','Tottenham Hotspur FC'),(59,6,'2017-09-24',0,0,1,0,'Brighton & Hove Albion FC','Newcastle United FC'),(60,6,'2017-09-25',1,0,2,0,'Arsenal FC','West Bromwich Albion FC'),(61,7,'2017-09-30',0,0,0,0,'AFC Bournemouth','Leicester City FC'),(62,7,'2017-09-30',0,0,0,1,'Chelsea FC','Manchester City FC'),(63,7,'2017-09-30',0,3,0,4,'Huddersfield Town AFC','Tottenham Hotspur FC'),(64,7,'2017-09-30',2,0,4,0,'Manchester United FC','Crystal Palace FC'),(65,7,'2017-09-30',1,0,2,1,'Stoke City FC','Southampton FC'),(66,7,'2017-09-30',2,1,2,2,'West Bromwich Albion FC','Watford FC'),(67,7,'2017-09-30',0,0,1,0,'West Ham United FC','Swansea City AFC'),(68,7,'2017-10-01',1,0,2,0,'Arsenal FC','Brighton & Hove Albion FC'),(69,7,'2017-10-01',0,1,0,1,'Everton FC','Burnley FC'),(70,7,'2017-10-01',1,1,1,1,'Newcastle United FC','Liverpool FC'),(71,8,'2017-10-14',0,1,1,1,'Burnley FC','West Ham United FC'),(72,8,'2017-10-14',2,1,2,1,'Crystal Palace FC','Chelsea FC'),(73,8,'2017-10-14',0,0,0,0,'Liverpool FC','Manchester United FC'),(74,8,'2017-10-14',3,1,7,2,'Manchester City FC','Stoke City FC'),(75,8,'2017-10-14',1,0,2,0,'Swansea City AFC','Huddersfield Town AFC'),(76,8,'2017-10-14',0,0,1,0,'Tottenham Hotspur FC','AFC Bournemouth'),(77,8,'2017-10-14',0,1,2,1,'Watford FC','Arsenal FC'),(78,8,'2017-10-15',0,0,1,1,'Brighton & Hove Albion FC','Everton FC'),(79,8,'2017-10-15',0,1,2,2,'Southampton FC','Newcastle United FC'),(80,8,'2017-10-16',0,0,1,1,'Leicester City FC','West Bromwich Albion FC'),(81,9,'2017-10-20',0,2,0,3,'West Ham United FC','Brighton & Hove Albion FC'),(82,9,'2017-10-21',1,1,4,2,'Chelsea FC','Watford FC'),(83,9,'2017-10-21',2,0,2,1,'Huddersfield Town AFC','Manchester United FC'),(84,9,'2017-10-21',1,0,3,0,'Manchester City FC','Burnley FC'),(85,9,'2017-10-21',0,0,1,0,'Newcastle United FC','Crystal Palace FC'),(86,9,'2017-10-21',0,0,1,0,'Southampton FC','West Bromwich Albion FC'),(87,9,'2017-10-21',0,2,1,2,'Stoke City FC','AFC Bournemouth'),(88,9,'2017-10-21',0,1,1,2,'Swansea City AFC','Leicester City FC'),(89,9,'2017-10-22',1,1,2,5,'Everton FC','Arsenal FC'),(90,9,'2017-10-22',3,1,4,1,'Tottenham Hotspur FC','Liverpool FC'),(91,10,'2017-10-28',0,1,2,1,'Arsenal FC','Swansea City AFC'),(92,10,'2017-10-28',0,0,0,1,'AFC Bournemouth','Chelsea FC'),(93,10,'2017-10-28',0,2,2,2,'Crystal Palace FC','West Ham United FC'),(94,10,'2017-10-28',0,0,3,0,'Liverpool FC','Huddersfield Town AFC'),(95,10,'2017-10-28',0,0,1,0,'Manchester United FC','Tottenham Hotspur FC'),(96,10,'2017-10-28',0,1,0,1,'Watford FC','Stoke City FC'),(97,10,'2017-10-28',1,2,2,3,'West Bromwich Albion FC','Manchester City FC'),(98,10,'2017-10-29',0,1,1,1,'Brighton & Hove Albion FC','Southampton FC'),(99,10,'2017-10-29',2,0,2,0,'Leicester City FC','Everton FC'),(100,10,'2017-10-30',0,0,1,0,'Burnley FC','Newcastle United FC'),(101,11,'2017-11-04',1,0,1,0,'Huddersfield Town AFC','West Bromwich Albion FC'),(102,11,'2017-11-04',0,0,0,1,'Newcastle United FC','AFC Bournemouth'),(103,11,'2017-11-04',0,0,0,1,'Southampton FC','Burnley FC'),(104,11,'2017-11-04',1,1,2,2,'Stoke City FC','Leicester City FC'),(105,11,'2017-11-04',0,1,0,1,'Swansea City AFC','Brighton & Hove Albion FC'),(106,11,'2017-11-04',0,2,1,4,'West Ham United FC','Liverpool FC'),(107,11,'2017-11-05',0,0,1,0,'Chelsea FC','Manchester United FC'),(108,11,'2017-11-05',0,0,3,2,'Everton FC','Watford FC'),(109,11,'2017-11-05',1,0,3,1,'Manchester City FC','Arsenal FC'),(110,11,'2017-11-05',0,0,1,0,'Tottenham Hotspur FC','Crystal Palace FC'),(111,12,'2017-11-18',2,0,2,0,'Arsenal FC','Tottenham Hotspur FC'),(112,12,'2017-11-18',2,0,4,0,'AFC Bournemouth','Huddersfield Town AFC'),(113,12,'2017-11-18',2,0,2,0,'Burnley FC','Swansea City AFC'),(114,12,'2017-11-18',2,2,2,2,'Crystal Palace FC','Everton FC'),(115,12,'2017-11-18',0,1,0,2,'Leicester City FC','Manchester City FC'),(116,12,'2017-11-18',2,0,3,0,'Liverpool FC','Southampton FC'),(117,12,'2017-11-18',2,1,4,1,'Manchester United FC','Newcastle United FC'),(118,12,'2017-11-18',0,3,0,4,'West Bromwich Albion FC','Chelsea FC'),(119,12,'2017-11-19',1,0,2,0,'Watford FC','West Ham United FC'),(120,12,'2017-11-20',1,2,2,2,'Brighton & Hove Albion FC','Stoke City FC'),(121,13,'2017-11-24',1,1,1,1,'West Ham United FC','Leicester City FC'),(122,13,'2017-11-25',0,0,2,1,'Crystal Palace FC','Stoke City FC'),(123,13,'2017-11-25',0,0,1,1,'Liverpool FC','Chelsea FC'),(124,13,'2017-11-25',0,0,1,0,'Manchester United FC','Brighton & Hove Albion FC'),(125,13,'2017-11-25',0,2,0,3,'Newcastle United FC','Watford FC'),(126,13,'2017-11-25',0,0,0,0,'Swansea City AFC','AFC Bournemouth'),(127,13,'2017-11-25',0,1,1,1,'Tottenham Hotspur FC','West Bromwich Albion FC'),(128,13,'2017-11-26',0,0,0,1,'Burnley FC','Arsenal FC'),(129,13,'2017-11-26',1,0,1,2,'Huddersfield Town AFC','Manchester City FC'),(130,13,'2017-11-26',1,1,4,1,'Southampton FC','Everton FC'),(131,14,'2017-11-28',0,0,0,0,'Brighton & Hove Albion FC','Crystal Palace FC'),(132,14,'2017-11-28',2,0,2,1,'Leicester City FC','Tottenham Hotspur FC'),(133,14,'2017-11-28',0,3,2,4,'Watford FC','Manchester United FC'),(134,14,'2017-11-28',1,0,2,2,'West Bromwich Albion FC','Newcastle United FC'),(135,14,'2017-11-29',1,0,5,0,'Arsenal FC','Huddersfield Town AFC'),(136,14,'2017-11-29',0,1,1,2,'AFC Bournemouth','Burnley FC'),(137,14,'2017-11-29',0,0,1,0,'Chelsea FC','Swansea City AFC'),(138,14,'2017-11-29',2,0,4,0,'Everton FC','West Ham United FC'),(139,14,'2017-11-29',0,0,2,1,'Manchester City FC','Southampton FC'),(140,14,'2017-11-29',0,1,0,3,'Stoke City FC','Liverpool FC'),(141,15,'2017-12-02',0,2,1,3,'Arsenal FC','Manchester United FC'),(142,15,'2017-12-02',0,2,1,5,'Brighton & Hove Albion FC','Liverpool FC'),(143,15,'2017-12-02',2,1,3,1,'Chelsea FC','Newcastle United FC'),(144,15,'2017-12-02',0,0,2,0,'Everton FC','Huddersfield Town AFC'),(145,15,'2017-12-02',1,0,1,0,'Leicester City FC','Burnley FC'),(146,15,'2017-12-02',2,1,2,1,'Stoke City FC','Swansea City AFC'),(147,15,'2017-12-02',1,1,1,1,'Watford FC','Tottenham Hotspur FC'),(148,15,'2017-12-02',0,0,0,0,'West Bromwich Albion FC','Crystal Palace FC'),(149,15,'2017-12-03',1,0,1,1,'AFC Bournemouth','Southampton FC'),(150,15,'2017-12-03',0,1,2,1,'Manchester City FC','West Ham United FC'),(151,16,'2017-12-09',1,0,1,0,'Burnley FC','Watford FC'),(152,16,'2017-12-09',2,2,2,2,'Crystal Palace FC','AFC Bournemouth'),(153,16,'2017-12-09',2,0,2,0,'Huddersfield Town AFC','Brighton & Hove Albion FC'),(154,16,'2017-12-09',1,1,2,3,'Newcastle United FC','Leicester City FC'),(155,16,'2017-12-09',0,0,1,0,'Swansea City AFC','West Bromwich Albion FC'),(156,16,'2017-12-09',1,0,5,1,'Tottenham Hotspur FC','Stoke City FC'),(157,16,'2017-12-09',1,0,1,0,'West Ham United FC','Chelsea FC'),(158,16,'2017-12-10',1,0,1,1,'Liverpool FC','Everton FC'),(159,16,'2017-12-10',1,1,1,2,'Manchester United FC','Manchester City FC'),(160,16,'2017-12-10',1,0,1,1,'Southampton FC','Arsenal FC'),(161,17,'2017-12-12',0,0,1,0,'Burnley FC','Stoke City FC'),(162,17,'2017-12-12',0,1,2,1,'Crystal Palace FC','Watford FC'),(163,17,'2017-12-12',0,2,1,3,'Huddersfield Town AFC','Chelsea FC'),(164,17,'2017-12-13',0,0,0,0,'Liverpool FC','West Bromwich Albion FC'),(165,17,'2017-12-13',1,0,1,0,'Manchester United FC','AFC Bournemouth'),(166,17,'2017-12-13',0,1,0,1,'Newcastle United FC','Everton FC'),(167,17,'2017-12-13',0,3,1,4,'Southampton FC','Leicester City FC'),(168,17,'2017-12-13',0,2,0,4,'Swansea City AFC','Manchester City FC'),(169,17,'2017-12-13',1,0,2,0,'Tottenham Hotspur FC','Brighton & Hove Albion FC'),(170,17,'2017-12-13',0,0,0,0,'West Ham United FC','Arsenal FC'),(171,18,'2017-12-16',1,0,1,0,'Arsenal FC','Newcastle United FC'),(172,18,'2017-12-16',0,0,0,0,'Brighton & Hove Albion FC','Burnley FC'),(173,18,'2017-12-16',1,0,1,0,'Chelsea FC','Southampton FC'),(174,18,'2017-12-16',0,2,0,3,'Leicester City FC','Crystal Palace FC'),(175,18,'2017-12-16',1,0,4,1,'Manchester City FC','Tottenham Hotspur FC'),(176,18,'2017-12-16',0,1,0,3,'Stoke City FC','West Ham United FC'),(177,18,'2017-12-16',0,2,1,4,'Watford FC','Huddersfield Town AFC'),(178,18,'2017-12-17',0,3,0,4,'AFC Bournemouth','Liverpool FC'),(179,18,'2017-12-17',0,2,1,2,'West Bromwich Albion FC','Manchester United FC'),(180,18,'2017-12-18',1,1,3,1,'Everton FC','Swansea City AFC'),(181,19,'2017-12-22',0,1,3,3,'Arsenal FC','Liverpool FC'),(182,19,'2017-12-23',0,0,1,0,'Brighton & Hove Albion FC','Watford FC'),(183,19,'2017-12-23',0,1,0,3,'Burnley FC','Tottenham Hotspur FC'),(184,19,'2017-12-23',0,0,0,0,'Everton FC','Chelsea FC'),(185,19,'2017-12-23',1,1,2,2,'Leicester City FC','Manchester United FC'),(186,19,'2017-12-23',1,0,4,0,'Manchester City FC','AFC Bournemouth'),(187,19,'2017-12-23',1,0,1,1,'Southampton FC','Huddersfield Town AFC'),(188,19,'2017-12-23',2,0,3,1,'Stoke City FC','West Bromwich Albion FC'),(189,19,'2017-12-23',0,0,1,1,'Swansea City AFC','Crystal Palace FC'),(190,19,'2017-12-23',1,1,2,3,'West Ham United FC','Newcastle United FC'),(191,20,'2017-12-26',1,1,3,3,'AFC Bournemouth','West Ham United FC'),(192,20,'2017-12-26',0,0,2,0,'Chelsea FC','Brighton & Hove Albion FC'),(193,20,'2017-12-26',1,0,1,1,'Huddersfield Town AFC','Stoke City FC'),(194,20,'2017-12-26',1,0,5,0,'Liverpool FC','Swansea City AFC'),(195,20,'2017-12-26',0,2,2,2,'Manchester United FC','Burnley FC'),(196,20,'2017-12-26',2,0,5,2,'Tottenham Hotspur FC','Southampton FC'),(197,20,'2017-12-26',1,1,2,1,'Watford FC','Leicester City FC'),(198,20,'2017-12-26',0,0,0,0,'West Bromwich Albion FC','Everton FC'),(199,20,'2017-12-27',0,1,0,1,'Newcastle United FC','Manchester City FC'),(200,20,'2017-12-28',0,1,2,3,'Crystal Palace FC','Arsenal FC'),(201,21,'2017-12-30',1,0,2,1,'AFC Bournemouth','Everton FC'),(202,21,'2017-12-30',3,0,5,0,'Chelsea FC','Stoke City FC'),(203,21,'2017-12-30',0,0,0,0,'Huddersfield Town AFC','Burnley FC'),(204,21,'2017-12-30',0,1,2,1,'Liverpool FC','Leicester City FC'),(205,21,'2017-12-30',0,0,0,0,'Manchester United FC','Southampton FC'),(206,21,'2017-12-30',0,0,0,0,'Newcastle United FC','Brighton & Hove Albion FC'),(207,21,'2017-12-30',1,0,1,2,'Watford FC','Swansea City AFC'),(208,21,'2017-12-31',0,0,0,0,'Crystal Palace FC','Manchester City FC'),(209,21,'2017-12-31',0,0,1,1,'West Bromwich Albion FC','Arsenal FC'),(210,22,'2018-01-01',1,1,2,2,'Brighton & Hove Albion FC','AFC Bournemouth'),(211,22,'2018-01-01',0,0,1,2,'Burnley FC','Liverpool FC'),(212,22,'2018-01-01',0,0,0,2,'Everton FC','Manchester United FC'),(213,22,'2018-01-01',0,0,3,0,'Leicester City FC','Huddersfield Town AFC'),(214,22,'2018-01-01',0,0,0,1,'Stoke City FC','Newcastle United FC'),(215,22,'2018-01-02',2,0,3,1,'Manchester City FC','Watford FC'),(216,22,'2018-01-02',1,0,1,2,'Southampton FC','Crystal Palace FC'),(217,21,'2018-01-02',0,1,0,2,'Swansea City AFC','Tottenham Hotspur FC'),(218,22,'2018-01-02',0,1,2,1,'West Ham United FC','West Bromwich Albion FC'),(219,22,'2018-01-03',0,0,2,2,'Arsenal FC','Chelsea FC'),(220,22,'2018-01-04',0,0,1,1,'Tottenham Hotspur FC','West Ham United FC'),(221,23,'2018-01-13',0,0,0,0,'Chelsea FC','Leicester City FC'),(222,23,'2018-01-13',1,0,1,0,'Crystal Palace FC','Burnley FC'),(223,23,'2018-01-13',1,1,1,4,'Huddersfield Town AFC','West Ham United FC'),(224,23,'2018-01-13',0,0,1,1,'Newcastle United FC','Swansea City AFC'),(225,23,'2018-01-13',1,0,4,0,'Tottenham Hotspur FC','Everton FC'),(226,23,'2018-01-13',0,2,2,2,'Watford FC','Southampton FC'),(227,23,'2018-01-13',1,0,2,0,'West Bromwich Albion FC','Brighton & Hove Albion FC'),(228,23,'2018-01-14',0,0,2,1,'AFC Bournemouth','Arsenal FC'),(229,23,'2018-01-14',1,1,4,3,'Liverpool FC','Manchester City FC'),(230,23,'2018-01-15',2,0,3,0,'Manchester United FC','Stoke City FC'),(231,24,'2018-01-20',4,0,4,1,'Arsenal FC','Crystal Palace FC'),(232,24,'2018-01-20',0,2,0,4,'Brighton & Hove Albion FC','Chelsea FC'),(233,24,'2018-01-20',0,0,0,1,'Burnley FC','Manchester United FC'),(234,24,'2018-01-20',0,1,1,1,'Everton FC','West Bromwich Albion FC'),(235,24,'2018-01-20',1,0,2,0,'Leicester City FC','Watford FC'),(236,24,'2018-01-20',1,0,3,1,'Manchester City FC','Newcastle United FC'),(237,24,'2018-01-20',0,0,2,0,'Stoke City FC','Huddersfield Town AFC'),(238,24,'2018-01-20',0,0,1,1,'West Ham United FC','AFC Bournemouth'),(239,24,'2018-01-21',1,1,1,1,'Southampton FC','Tottenham Hotspur FC'),(240,24,'2018-01-22',1,0,1,0,'Swansea City AFC','Liverpool FC'),(241,25,'2018-01-30',0,2,0,3,'Huddersfield Town AFC','Liverpool FC'),(242,25,'2018-01-30',1,1,3,1,'Swansea City AFC','Arsenal FC'),(243,25,'2018-01-30',1,1,1,1,'West Ham United FC','Crystal Palace FC'),(244,25,'2018-01-31',0,0,0,3,'Chelsea FC','AFC Bournemouth'),(245,25,'2018-01-31',2,0,2,1,'Everton FC','Leicester City FC'),(246,25,'2018-01-31',1,0,3,0,'Manchester City FC','West Bromwich Albion FC'),(247,25,'2018-01-31',0,0,1,1,'Newcastle United FC','Burnley FC'),(248,25,'2018-01-31',0,1,1,1,'Southampton FC','Brighton & Hove Albion FC'),(249,25,'2018-01-31',0,0,0,0,'Stoke City FC','Watford FC'),(250,25,'2018-01-31',2,0,2,0,'Tottenham Hotspur FC','Manchester United FC'),(251,26,'2018-02-03',4,0,5,1,'Arsenal FC','Everton FC'),(252,26,'2018-02-03',0,1,2,1,'AFC Bournemouth','Stoke City FC'),(253,26,'2018-02-03',1,1,3,1,'Brighton & Hove Albion FC','West Ham United FC'),(254,26,'2018-02-03',0,1,1,1,'Burnley FC','Manchester City FC'),(255,26,'2018-02-03',1,0,1,1,'Leicester City FC','Swansea City AFC'),(256,26,'2018-02-03',0,0,2,0,'Manchester United FC','Huddersfield Town AFC'),(257,26,'2018-02-03',1,2,2,3,'West Bromwich Albion FC','Southampton FC'),(258,26,'2018-02-04',0,1,1,1,'Crystal Palace FC','Newcastle United FC'),(259,26,'2018-02-04',1,0,2,2,'Liverpool FC','Tottenham Hotspur FC'),(260,26,'2018-02-05',1,0,4,1,'Watford FC','Chelsea FC'),(261,27,'2018-02-10',0,0,3,1,'Everton FC','Crystal Palace FC'),(262,27,'2018-02-10',1,1,5,1,'Manchester City FC','Leicester City FC'),(263,27,'2018-02-10',0,1,1,1,'Stoke City FC','Brighton & Hove Albion FC'),(264,27,'2018-02-10',0,0,1,0,'Swansea City AFC','Burnley FC'),(265,27,'2018-02-10',0,0,1,0,'Tottenham Hotspur FC','Arsenal FC'),(266,27,'2018-02-10',1,0,2,0,'West Ham United FC','Watford FC'),(267,27,'2018-02-11',2,1,4,1,'Huddersfield Town AFC','AFC Bournemouth'),(268,27,'2018-02-11',0,0,1,0,'Newcastle United FC','Manchester United FC'),(269,27,'2018-02-11',0,2,0,2,'Southampton FC','Liverpool FC'),(270,27,'2018-02-12',1,0,3,0,'Chelsea FC','West Bromwich Albion FC'),(271,28,'2018-02-24',0,2,2,2,'AFC Bournemouth','Newcastle United FC'),(272,28,'2018-02-24',1,0,4,1,'Brighton & Hove Albion FC','Swansea City AFC'),(273,28,'2018-02-24',0,0,1,1,'Burnley FC','Southampton FC'),(274,28,'2018-02-24',0,1,1,1,'Leicester City FC','Stoke City FC'),(275,28,'2018-02-24',1,0,4,1,'Liverpool FC','West Ham United FC'),(276,28,'2018-02-24',0,0,1,0,'Watford FC','Everton FC'),(277,28,'2018-02-24',0,0,1,2,'West Bromwich Albion FC','Huddersfield Town AFC'),(278,28,'2018-02-25',0,0,0,1,'Crystal Palace FC','Tottenham Hotspur FC'),(279,28,'2018-02-25',1,1,2,1,'Manchester United FC','Chelsea FC'),(280,28,'2018-03-01',0,3,0,3,'Arsenal FC','Manchester City FC'),(281,29,'2018-03-03',0,1,2,1,'Burnley FC','Everton FC'),(282,29,'2018-03-03',0,1,1,1,'Leicester City FC','AFC Bournemouth'),(283,29,'2018-03-03',1,0,2,0,'Liverpool FC','Newcastle United FC'),(284,29,'2018-03-03',0,0,0,0,'Southampton FC','Stoke City FC'),(285,29,'2018-03-03',2,0,4,1,'Swansea City AFC','West Ham United FC'),(286,29,'2018-03-03',1,0,2,0,'Tottenham Hotspur FC','Huddersfield Town AFC'),(287,29,'2018-03-03',0,0,1,0,'Watford FC','West Bromwich Albion FC'),(288,29,'2018-03-04',2,1,2,1,'Brighton & Hove Albion FC','Arsenal FC'),(289,29,'2018-03-04',0,0,1,0,'Manchester City FC','Chelsea FC'),(290,29,'2018-03-05',1,0,2,3,'Crystal Palace FC','Manchester United FC'),(291,30,'2018-03-10',2,0,2,1,'Chelsea FC','Crystal Palace FC'),(292,30,'2018-03-10',0,0,2,0,'Everton FC','Brighton & Hove Albion FC'),(293,30,'2018-03-10',0,0,0,0,'Huddersfield Town AFC','Swansea City AFC'),(294,30,'2018-03-10',2,0,2,1,'Manchester United FC','Liverpool FC'),(295,30,'2018-03-10',2,0,3,0,'Newcastle United FC','Southampton FC'),(296,30,'2018-03-10',1,1,1,4,'West Bromwich Albion FC','Leicester City FC'),(297,30,'2018-03-10',0,0,0,3,'West Ham United FC','Burnley FC'),(298,30,'2018-03-11',1,0,3,0,'Arsenal FC','Watford FC'),(299,30,'2018-03-11',1,1,1,4,'AFC Bournemouth','Tottenham Hotspur FC'),(300,30,'2018-03-12',0,1,0,2,'Stoke City FC','Manchester City FC'),(301,31,'2018-03-17',0,0,2,1,'AFC Bournemouth','West Bromwich Albion FC'),(302,31,'2018-03-17',0,1,0,2,'Huddersfield Town AFC','Crystal Palace FC'),(303,31,'2018-03-17',2,0,5,0,'Liverpool FC','Watford FC'),(304,31,'2018-03-17',0,0,1,2,'Stoke City FC','Everton FC'),(305,31,'2018-03-31',0,0,0,2,'Brighton & Hove Albion FC','Leicester City FC'),(306,32,'2018-03-31',1,0,1,2,'Crystal Palace FC','Liverpool FC'),(307,31,'2018-03-31',0,3,1,3,'Everton FC','Manchester City FC'),(308,31,'2018-03-31',2,0,2,0,'Manchester United FC','Swansea City AFC'),(309,32,'2018-03-31',0,0,1,0,'Newcastle United FC','Huddersfield Town AFC'),(310,32,'2018-03-31',1,1,2,2,'Watford FC','AFC Bournemouth'),(311,31,'2018-03-31',0,1,1,2,'West Bromwich Albion FC','Burnley FC'),(312,31,'2018-03-31',3,0,3,0,'West Ham United FC','Southampton FC'),(313,32,'2018-04-01',0,0,3,0,'Arsenal FC','Stoke City FC'),(314,31,'2018-04-01',1,1,1,3,'Chelsea FC','Tottenham Hotspur FC'),(315,33,'2018-04-07',0,0,2,2,'AFC Bournemouth','Crystal Palace FC'),(316,33,'2018-04-07',1,1,1,1,'Brighton & Hove Albion FC','Huddersfield Town AFC'),(317,33,'2018-04-07',0,0,0,0,'Everton FC','Liverpool FC'),(318,32,'2018-04-07',0,1,1,2,'Leicester City FC','Newcastle United FC'),(319,32,'2018-04-07',2,0,2,3,'Manchester City FC','Manchester United FC'),(320,32,'2018-04-07',0,0,1,2,'Stoke City FC','Tottenham Hotspur FC'),(321,32,'2018-04-07',0,0,1,2,'Watford FC','Burnley FC'),(322,32,'2018-04-07',0,0,1,1,'West Bromwich Albion FC','Swansea City AFC'),(323,32,'2018-04-08',2,1,3,2,'Arsenal FC','Southampton FC'),(324,32,'2018-04-08',1,0,1,1,'Chelsea FC','West Ham United FC'),(325,33,'2018-04-14',2,0,2,1,'Burnley FC','Leicester City FC'),(326,33,'2018-04-14',3,2,3,2,'Crystal Palace FC','Brighton & Hove Albion FC'),(327,34,'2018-04-14',0,0,1,0,'Huddersfield Town AFC','Watford FC'),(328,34,'2018-04-14',1,0,3,0,'Liverpool FC','AFC Bournemouth'),(329,33,'2018-04-14',1,0,2,3,'Southampton FC','Chelsea FC'),(330,34,'2018-04-14',0,1,1,1,'Swansea City AFC','Everton FC'),(331,33,'2018-04-14',1,2,1,3,'Tottenham Hotspur FC','Manchester City FC'),(332,34,'2018-04-15',0,0,0,1,'Manchester United FC','West Bromwich Albion FC'),(333,33,'2018-04-15',1,1,2,1,'Newcastle United FC','Arsenal FC'),(334,34,'2018-04-16',0,0,1,1,'West Ham United FC','Stoke City FC'),(335,34,'2018-04-17',0,0,1,1,'Brighton & Hove Albion FC','Tottenham Hotspur FC'),(336,34,'2018-04-18',0,1,0,2,'AFC Bournemouth','Manchester United FC'),(337,34,'2018-04-19',0,1,1,2,'Burnley FC','Chelsea FC'),(338,34,'2018-04-19',0,0,0,0,'Leicester City FC','Southampton FC'),(339,35,'2018-04-21',0,0,0,0,'Watford FC','Crystal Palace FC'),(340,35,'2018-04-21',0,1,2,2,'West Bromwich Albion FC','Liverpool FC'),(341,34,'2018-04-22',0,0,4,1,'Arsenal FC','West Ham United FC'),(342,34,'2018-04-22',2,0,5,0,'Manchester City FC','Swansea City AFC'),(343,35,'2018-04-22',1,0,1,1,'Stoke City FC','Burnley FC'),(344,34,'2018-04-23',0,0,1,0,'Everton FC','Newcastle United FC'),(345,35,'2018-04-28',0,0,0,0,'Burnley FC','Brighton & Hove Albion FC'),(346,35,'2018-04-28',2,0,5,0,'Crystal Palace FC','Leicester City FC'),(347,36,'2018-04-28',0,1,0,2,'Huddersfield Town AFC','Everton FC'),(348,36,'2018-04-28',0,0,0,0,'Liverpool FC','Stoke City FC'),(349,36,'2018-04-28',0,1,0,1,'Newcastle United FC','West Bromwich Albion FC'),(350,36,'2018-04-28',1,1,2,1,'Southampton FC','AFC Bournemouth'),(351,35,'2018-04-28',0,1,0,1,'Swansea City AFC','Chelsea FC'),(352,35,'2018-04-29',1,0,2,1,'Manchester United FC','Arsenal FC'),(353,35,'2018-04-29',1,2,1,4,'West Ham United FC','Manchester City FC'),(354,36,'2018-04-30',1,0,2,0,'Tottenham Hotspur FC','Watford FC'),(355,36,'2018-05-04',0,0,1,0,'Brighton & Hove Albion FC','Manchester United FC'),(356,36,'2018-05-05',1,0,1,0,'AFC Bournemouth','Swansea City AFC'),(357,36,'2018-05-05',0,0,1,1,'Everton FC','Southampton FC'),(358,36,'2018-05-05',0,1,0,2,'Leicester City FC','West Ham United FC'),(359,37,'2018-05-05',1,0,1,2,'Stoke City FC','Crystal Palace FC'),(360,36,'2018-05-05',2,0,2,1,'Watford FC','Newcastle United FC'),(361,36,'2018-05-05',0,0,1,0,'West Bromwich Albion FC','Tottenham Hotspur FC'),(362,37,'2018-05-06',2,0,5,0,'Arsenal FC','Burnley FC'),(363,37,'2018-05-06',1,0,1,0,'Chelsea FC','Liverpool FC'),(364,36,'2018-05-06',0,0,0,0,'Manchester City FC','Huddersfield Town AFC'),(365,37,'2018-05-08',0,0,0,1,'Swansea City AFC','Southampton FC'),(366,37,'2018-05-09',0,0,1,1,'Chelsea FC','Huddersfield Town AFC'),(367,37,'2018-05-09',1,0,3,1,'Leicester City FC','Arsenal FC'),(368,37,'2018-05-09',2,1,3,1,'Manchester City FC','Brighton & Hove Albion FC'),(369,37,'2018-05-09',0,0,1,0,'Tottenham Hotspur FC','Newcastle United FC'),(370,37,'2018-05-10',0,0,0,0,'West Ham United FC','Manchester United FC'),(371,38,'2018-05-13',1,0,1,2,'Burnley FC','AFC Bournemouth'),(372,38,'2018-05-13',0,0,2,0,'Crystal Palace FC','West Bromwich Albion FC'),(373,38,'2018-05-13',0,1,0,1,'Huddersfield Town AFC','Arsenal FC'),(374,38,'2018-05-13',2,0,4,0,'Liverpool FC','Brighton & Hove Albion FC'),(375,38,'2018-05-13',1,0,1,0,'Manchester United FC','Watford FC'),(376,38,'2018-05-13',1,0,3,0,'Newcastle United FC','Chelsea FC'),(377,38,'2018-05-13',0,0,0,1,'Southampton FC','Manchester City FC'),(378,38,'2018-05-13',1,2,1,2,'Swansea City AFC','Stoke City FC'),(379,38,'2018-05-13',1,2,5,4,'Tottenham Hotspur FC','Leicester City FC'),(380,38,'2018-05-13',1,0,3,1,'West Ham United FC','Everton FC');
/*!40000 ALTER TABLE `matches` ENABLE KEYS */;
UNLOCK TABLES;

--
-- Table structure for table `stadiums`
--

DROP TABLE IF EXISTS `stadiums`;
/*!40101 SET @saved_cs_client     = @@character_set_client */;
/*!50503 SET character_set_client = utf8mb4 */;
CREATE TABLE `stadiums` (
  `Team` varchar(255) NOT NULL,
  `Venue` varchar(255) NOT NULL,
  PRIMARY KEY (`Team`)
) ENGINE=InnoDB DEFAULT CHARSET=utf8;
/*!40101 SET character_set_client = @saved_cs_client */;

--
-- Dumping data for table `stadiums`
--

LOCK TABLES `stadiums` WRITE;
/*!40000 ALTER TABLE `stadiums` DISABLE KEYS */;
INSERT INTO `stadiums` VALUES ('AFC Bournemouth','Vitality Stadium'),('Arsenal FC','Emirates Stadium'),('Brighton & Hove Albion FC','Amex Stadium'),('Burnley FC','Turf Moor'),('Chelsea FC','Stamford Bridge'),('Crystal Palace FC','Selhurst Park'),('Everton FC','Goodison Park'),('Huddersfield Town AFC','John Smith\'s Stadium'),('Leicester City FC','King Power Stadium'),('Liverpool FC','Anfield'),('Manchester City FC','Etihad Stadium'),('Manchester United FC','Old Trafford'),('Newcastle United FC','St. James\' Park'),('Southampton FC','St Mary\'s Stadium'),('Stoke City FC','bet365 Stadium'),('Swansea City AFC','Liberty Stadium'),('Tottenham Hotspur FC','Wembley Stadium['),('Watford FC','Vicarage Road'),('West Bromwich Albion FC','The Hawthorns'),('West Ham United FC','London Stadium');
/*!40000 ALTER TABLE `stadiums` ENABLE KEYS */;
UNLOCK TABLES;
/*!40103 SET TIME_ZONE=@OLD_TIME_ZONE */;

/*!40101 SET SQL_MODE=@OLD_SQL_MODE */;
/*!40014 SET FOREIGN_KEY_CHECKS=@OLD_FOREIGN_KEY_CHECKS */;
/*!40014 SET UNIQUE_CHECKS=@OLD_UNIQUE_CHECKS */;
/*!40101 SET CHARACTER_SET_CLIENT=@OLD_CHARACTER_SET_CLIENT */;
/*!40101 SET CHARACTER_SET_RESULTS=@OLD_CHARACTER_SET_RESULTS */;
/*!40101 SET COLLATION_CONNECTION=@OLD_COLLATION_CONNECTION */;
/*!40111 SET SQL_NOTES=@OLD_SQL_NOTES */;

-- Dump completed on 2020-05-20  0:22:34
